GENE,Neurons,Oligodendrocytes,OPCs,Astrocytes,Microglia,Dentate_Neurons,Excitatory_Neurons,Inhibitory_Neurons,Endothelial_Cells,Pericytes,NSCs,Other
Snap25,1,0,0,0,0,0,0,0,0,0,0,0
Rbfox3,1,0,0,0,0,0,0,0,0,0,0,0
Camk2a,1,0,0,0,0,0,1,0,0,0,0,0
Slc17a7,1,0,0,0,0,0,1,0,0,0,0,0
Plp1,0,1,0,0,0,0,0,0,0,0,0,0
Mog,0,1,0,0,0,0,0,0,0,0,0,0
Cnp,0,1,0,0,0,0,0,0,0,0,0,0
Mbp,0,1,0,0,0,0,0,0,0,0,0,0
Pdgfra,0,0,1,0,0,0,0,0,0,0,0,0
Cspg4,0,0,1,0,0,0,0,0,0,0,0,0
Aqp4,0,0,0,1,0,0,0,0,0,0,0,0
Gfap,0,0,0,1,0,0,0,0,0,0,0,0
Aldh1l1,0,0,0,1,0,0,0,0,0,0,0,0
Slc1a3,0,0,0,1,1,0,0,0,0,0,0,0
C1qa,0,0,0,0,1,0,0,0,0,0,0,0
Akna,0,0,0,0,1,0,0,0,0,0,0,0
Apoe,0,0,0,0,1,0,0,0,0,0,0,0
Prox1,0,0,0,0,0,1,0,0,0,0,0,0
Calb1,0,0,0,0,0,1,0,0,0,0,0,0
Neurod1,0,0,0,0,0,1,0,0,0,0,0,0
Grin1,0,0,0,0,0,0,1,0,0,0,0,0
Gad1,0,0,0,0,0,0,0,1,0,0,0,0
Gad2,0,0,0,0,0,0,0,1,0,0,0,0
Slc32a1,0,0,0,0,0,0,0,1,0,0,0,0
Pecam1,0,0,0,0,0,0,0,0,1,0,0,0
Cldn5,0,0,0,0,0,0,0,0,1,0,0,0
Kdr,0,0,0,0,0,0,0,0,1,0,0,0
Pdgfrb,0,0,0,0,0,0,0,0,0,1,0,0
Rgs5,0,0,0,0,0,0,0,0,0,1,0,0
Thrsp,0,0,0,0,0,0,0,0,0,0,1,0
Sox2,0,0,0,0,0,0,0,0,0,0,1,0
Ascl1,0,0,0,0,0,0,0,0,0,0,1,0
Dcx,0,0,0,0,0,0,0,0,0,0,1,0
