Gene,Epithelial,Mesothelial,Fibroblast,Smooth_Muscle,Pericyte,Endothelial,T_cell,NK_cell,B_cell,Plasma_cell,Macrophage,DC,Neutrophil,Mast,Erythrocyte,Other
EPCAM,1,0,0,0,0,0,0,0,0,0,0,0,0,0,0,0
KRT8,1,1,0,0,0,0,0,0,0,0,0,0,0,0,0,0
KRT18,1,1,0,0,0,0,0,0,0,0,0,0,0,0,0,0
KRT19,1,1,0,0,0,0,0,0,0,0,0,0,0,0,0,0
PAX8,1,0,0,0,0,0,0,0,0,0,0,0,0,0,0,0
WT1,1,0,0,0,0,0,0,0,0,0,0,0,0,0,0,0
MSLN,1,1,0,0,0,0,0,0,0,0,0,0,0,0,0,0
UPK3B,0,1,0,0,0,0,0,0,0,0,0,0,0,0,0,0
LRRN4,0,1,0,0,0,0,0,0,0,0,0,0,0,0,0,0
CALB2,0,1,0,0,0,0,0,0,0,0,0,0,0,0,0,0
KRT5,0,1,0,0,0,0,0,0,0,0,0,0,0,0,0,0
COL1A1,0,0,1,0,0,0,0,0,0,0,0,0,0,0,0,0
COL1A2,0,0,1,0,0,0,0,0,0,0,0,0,0,0,0,0
DCN,0,0,1,0,0,0,0,0,0,0,0,0,0,0,0,0
PDGFRA,0,0,1,0,0,0,0,0,0,0,0,0,0,0,0,0
LUM,0,0,1,0,0,0,0,0,0,0,0,0,0,0,0,0
FAP,0,0,1,0,0,0,0,0,0,0,0,0,0,0,0,0
MYH11,0,0,0,1,0,0,0,0,0,0,0,0,0,0,0,0
ACTA2,0,0,0,1,1,0,0,0,0,0,0,0,0,0,0,0
CNN1,0,0,0,1,0,0,0,0,0,0,0,0,0,0,0,0
TAGLN,0,0,0,1,0,0,0,0,0,0,0,0,0,0,0,0
MYLK,0,0,0,1,0,0,0,0,0,0,0,0,0,0,0,0
DES,0,0,0,1,0,0,0,0,0,0,0,0,0,0,0,0
PDGFRB,0,0,0,0,1,0,0,0,0,0,0,0,0,0,0,0
RGS5,0,0,0,0,1,0,0,0,0,0,0,0,0,0,0,0
NOTCH3,0,0,0,0,1,0,0,0,0,0,0,0,0,0,0,0
CSPG4,0,0,0,0,1,0,0,0,0,0,0,0,0,0,0,0
MCAM,0,0,0,0,1,0,0,0,0,0,0,0,0,0,0,0
PECAM1,0,0,0,0,0,1,0,0,0,0,0,0,0,0,0,0
CDH5,0,0,0,0,0,1,0,0,0,0,0,0,0,0,0,0
CLDN5,0,0,0,0,0,1,0,0,0,0,0,0,0,0,0,0
VWF,0,0,0,0,0,1,0,0,0,0,0,0,0,0,0,0
ERG,0,0,0,0,0,1,0,0,0,0,0,0,0,0,0,0
PTPRC,0,0,0,0,0,0,1,1,1,0,1,1,1,1,0,0
CD3E,0,0,0,0,0,0,1,0,0,0,0,0,0,0,0,0
CD3D,0,0,0,0,0,0,1,0,0,0,0,0,0,0,0,0
CD3G,0,0,0,0,0,0,1,0,0,0,0,0,0,0,0,0
CD2,0,0,0,0,0,0,1,1,0,0,0,0,0,0,0,0
TRAC,0,0,0,0,0,0,1,0,0,0,0,0,0,0,0,0
NCAM1,0,0,0,0,0,0,0,1,0,0,0,0,0,0,0,0
KLRD1,0,0,0,0,0,0,0,1,0,0,0,0,0,0,0,0
KLRB1,0,0,0,0,0,0,0,1,0,0,0,0,0,0,0,0
NCR1,0,0,0,0,0,0,0,1,0,0,0,0,0,0,0,0
NKG7,0,0,0,0,0,0,0,1,0,0,0,0,0,0,0,0
GNLY,0,0,0,0,0,0,0,1,0,0,0,0,0,0,0,0
MS4A1,0,0,0,0,0,0,0,0,1,0,0,0,0,0,0,0
CD79A,0,0,0,0,0,0,0,0,1,1,0,0,0,0,0,0
CD19,0,0,0,0,0,0,0,0,1,0,0,0,0,0,0,0
CD22,0,0,0,0,0,0,0,0,1,0,0,0,0,0,0,0
PAX5,0,0,0,0,0,0,0,0,1,0,0,0,0,0,0,0
IGHG1,0,0,0,0,0,0,0,0,0,1,0,0,0,0,0,0
IGHG2,0,0,0,0,0,0,0,0,0,1,0,0,0,0,0,0
IGKC,0,0,0,0,0,0,0,0,0,1,0,0,0,0,0,0
IGLC2,0,0,0,0,0,0,0,0,0,1,0,0,0,0,0,0
MZB1,0,0,0,0,0,0,0,0,0,1,0,0,0,0,0,0
XBP1,0,0,0,0,0,0,0,0,0,1,0,0,0,0,0,0
CD14,0,0,0,0,0,0,0,0,0,0,1,0,0,0,0,0
CD68,0,0,0,0,0,0,0,0,0,0,1,0,0,0,0,0
C1QA,0,0,0,0,0,0,0,0,0,0,1,0,0,0,0,0
C1QB,0,0,0,0,0,0,0,0,0,0,1,0,0,0,0,0
C1QC,0,0,0,0,0,0,0,0,0,0,1,0,0,0,0,0
MRC1,0,0,0,0,0,0,0,0,0,0,1,0,0,0,0,0
IRF7,0,0,0,0,0,0,0,0,0,0,0,1,0,0,0,0
IRF8,0,0,0,0,0,0,0,0,0,0,0,1,0,0,0,0
CLEC4C,0,0,0,0,0,0,0,0,0,0,0,1,0,0,0,0
CD1C,0,0,0,0,0,0,0,0,0,0,0,1,0,0,0,0
CLEC9A,0,0,0,0,0,0,0,0,0,0,0,1,0,0,0,0
FCER1A,0,0,0,0,0,0,0,0,0,0,0,1,0,0,0,0
FCGR3B,0,0,0,0,0,0,0,0,0,0,0,0,1,0,0,0
CSF3R,0,0,0,0,0,0,0,0,0,0,0,0,1,0,0,0
CXCR2,0,0,0,0,0,0,0,0,0,0,0,0,1,0,0,0
S100A8,0,0,0,0,0,0,0,0,0,0,0,0,1,0,0,0
S100A9,0,0,0,0,0,0,0,0,0,0,0,0,1,0,0,0
KIT,0,0,0,0,0,0,0,0,0,0,0,0,0,1,0,0
CPA3,0,0,0,0,0,0,0,0,0,0,0,0,0,1,0,0
TPSAB1,0,0,0,0,0,0,0,0,0,0,0,0,0,1,0,0
TPSB2,0,0,0,0,0,0,0,0,0,0,0,0,0,1,0,0
HBA1,0,0,0,0,0,0,0,0,0,0,0,0,0,0,1,0
HBA2,0,0,0,0,0,0,0,0,0,0,0,0,0,0,1,0
HBB,0,0,0,0,0,0,0,0,0,0,0,0,0,0,1,0
